CD_Rank,College_Name,College_URL,Location,Approvals,NAAC_Grade,First_Year_Fees,Avg_Package,Highest_Package,Rating,Reviews,National_Ranking,college_code,Match_Score
#1,"R V College of Engineering - [RVCE], Bangalore",https://collegedunia.com/college/14673-r-v-college-of-engineering-rvce-bangalore,"Bangalore, Karnataka","AICTE, NBA Approved",A+,1332840.0,1252400.0,6700000.0,3.9,"Based on 438 User
Reviews",85.0,E005,100.0
#2,"BMS College of Engineering - [BMSCE], Bangalore",https://collegedunia.com/college/5540-bms-college-of-engineering-bmsce-bangalore,"Bangalore, Karnataka","AICTE, NBA Approved",A++,1204400.0,1140000.0,5150000.0,4.1,"Based on 365 User
Reviews",96.0,E003,100.0
#3,"PES University - [PESU], Bangalore",https://collegedunia.com/university/28294-pes-university-pesu-bangalore,"Bangalore, Karnataka","AICTE, UGC Approved",A+,2210000.0,1010000.0,6500000.0,3.9,"Based on 524 User
Reviews",140.0,E009,100.0
#4,"Ramaiah Institute of Technology - [RIT], Bangalore",https://collegedunia.com/college/5621-ramaiah-institute-of-technology-rit-bangalore,"Bangalore, Karnataka","AICTE, NBA Approved",A+,1204400.0,766000.0,5000000.0,4.0,"Based on 632 User
Reviews",143.0,E006,100.0
#5,"Sri Jayachamarajendra College of Engineering - [SJCE], Mysore",https://collegedunia.com/college/15219-sri-jayachamarajendra-college-of-engineering-sjce-mysore,"Mysore, Karnataka","AICTE, NBA Approved",,486440.0,5600000.0,,4.1,"Based on 96 User
Reviews",176.0,E021,100.0
#6,"JSS Science and Technology University -[JSSSTU], Mysore",https://collegedunia.com/university/60372-jss-science-and-technology-university-jssstu-mysore,"Mysore, Karnataka","AICTE, UGC, NBA Approved",B++,1204400.0,6000000.0,,4.2,"Based on 78 User
Reviews",190.0,E284,100.0
#7,"University Visvesvaraya College of Engineering - [UVCE], Bangalore",https://collegedunia.com/college/28204-university-visvesvaraya-college-of-engineering-uvce-bangalore,"Bangalore, Karnataka",AICTE Approved,,198330.0,2850000.0,,3.8,"Based on 102 User
Reviews",196.0,E001,100.0
#8,"Dayananda Sagar College of Engineering - [DSCE], Bangalore",https://collegedunia.com/college/28562-dayananda-sagar-college-of-engineering-dsce-bangalore,"Bangalore, Karnataka","AICTE, UGC, NBA Approved",A,1204400.0,750000.0,2000000.0,4.0,"Based on 442 User
Reviews",202.0,E007,100.0
#9,"JSS Academy of Technical Education - [JSSATE], Bangalore",https://collegedunia.com/college/55794-jss-academy-of-technical-education-jssate-bangalore,"Bangalore, Karnataka","AICTE, NBA Approved",A+,509740.0,1000000.0,4500000.0,3.8,"Based on 118 User
Reviews",211.0,E082,100.0
#10,"PES Institute of Technology and Management, Bangalore",https://collegedunia.com/university/56859-pes-institute-of-technology-and-management-bangalore,"Bangalore, Karnataka","AICTE, NBA Approved",A,,330000.0,1200000.0,3.7,"Based on 77 User
Reviews",212.0,E008,100.0
#11,"KLE Technological University, Hubli",https://collegedunia.com/university/12953-kle-technological-university-hubli,"Hubli, Karnataka","AICTE, UGC Approved",A,1204400.0,530000.0,4638000.0,4.2,"Based on 223 User
Reviews",224.0,E030,100.0
#12,"Bangalore Institute of Technology - [BIT], Bangalore",https://collegedunia.com/college/12989-bangalore-institute-of-technology-bit-bangalore,"Bangalore, Karnataka","AICTE, NBA Approved",,1144352.0,1000000.0,5800000.0,3.8,"Based on 270 User
Reviews",242.0,E004,100.0
#13,"NIE Institute of Technology - [NIEIT], Mysore",https://collegedunia.com/college/14394-nie-institute-of-technology-nieit-mysore,"Mysore, Karnataka","AICTE, UGC, NBA Approved",,139970.0,975000.0,5600000.0,4.0,"Based on 73 User
Reviews",250.0,E022,100.0
#14,"The National Institute of Engineering - [NIE], Mysore",https://collegedunia.com/college/15466-the-national-institute-of-engineering-nie-mysore,"Mysore, Karnataka","AICTE, UGC Approved",B++,,1050000.0,7000000.0,4.0,"Based on 315 User
Reviews",258.0,E056,100.0
#15,"BMS Institute of Technology and Management - [BMSIT], Bangalore",https://collegedunia.com/college/12944-bms-institute-of-technology-and-management-bmsit-bangalore,"Bangalore, Karnataka",NBA Approved,A,,807000.0,4640000.0,4.0,"Based on 273 User
Reviews",261.0,E008,100.0
#16,"Siddaganga Institute of Technology - [SIT], Tumkur",https://collegedunia.com/college/15126-siddaganga-institute-of-technology-sit-tumkur,"Tumkur, Karnataka","AICTE, NBA Approved",A++,1176510.0,900000.0,3288000.0,3.9,"Based on 181 User
Reviews",277.0,E016,100.0
#17,"Nitte Meenakshi Institute of Technology - [NMIT] (Deemed to be University), Bangalore",https://collegedunia.com/college/14500-nitte-meenakshi-institute-of-technology-nmit-deemed-to-be-university-bangalore,"Bangalore, Karnataka","AICTE, NBA Approved",A+,1400000.0,5900000.0,,3.9,"Based on 324 User
Reviews",292.0,E008,100.0
#18,"RV Institute of Technology and Management - [RVITM], Bangalore",https://collegedunia.com/college/62191-rv-institute-of-technology-and-management-rvitm-bangalore,"Bangalore, Karnataka",AICTE Approved,,,1244000.0,3300000.0,4.0,"Based on 15 User
Reviews",297.0,E008,100.0
#19,"New Horizon College of Engineering - [NHCE], Bangalore",https://collegedunia.com/college/14483-new-horizon-college-of-engineering-nhce-bangalore,"Bangalore, Karnataka","AICTE, UGC, NBA Approved",A,1500000.0,650000.0,4250000.0,4.2,"Based on 253 User
Reviews",298.0,E099,100.0
#20,"RNS Institute of Technology - [RNSIT], Bangalore",https://collegedunia.com/college/14664-rns-institute-of-technology-rnsit-bangalore,"Bangalore, Karnataka","AICTE, NBA Approved",A+,1204400.0,5000000.0,,3.9,"Based on 303 User
Reviews",300.0,E008,100.0
#21,"B. N. M. Institute of Technology - [BNMIT], Bangalore",https://collegedunia.com/college/12946-b-n-m-institute-of-technology-bnmit-bangalore,"Bangalore, Karnataka","AICTE, NBA Approved",A,,616000.0,3428000.0,3.8,"Based on 104 User
Reviews",303.0,E008,100.0
#22,"Sir M Visvesvaraya Institute of Technology - [Sir MVIT], Bangalore",https://collegedunia.com/college/15151-sir-m-visvesvaraya-institute-of-technology-sir-mvit-bangalore,"Bangalore, Karnataka","AICTE, NBA Approved",A,,598000.0,1600000.0,3.8,"Based on 200 User
Reviews",304.0,E008,100.0
#23,"KLS Gogte Institute of Technology - [KLS GIT], Belgaum",https://collegedunia.com/college/28571-kls-gogte-institute-of-technology-kls-git-belgaum,"Belgaum, Karnataka","AICTE, NBA Approved",A+,1248348.0,654000.0,5100000.0,3.7,"Based on 146 User
Reviews",307.0,E037,100.0
#24,"Dr. Ambedkar Institute of Technology - [AIT], Bangalore",https://collegedunia.com/college/13369-dr-ambedkar-institute-of-technology-ait-bangalore,"Bangalore, Karnataka","AICTE, UGC, NBA Approved",A+,259160.0,1975000.0,,3.7,"Based on 190 User
Reviews",308.0,E004,100.0
#25,"SDM College of Engineering and Technology - [SDMCET], Dharwad",https://collegedunia.com/college/14820-sdm-college-of-engineering-and-technology-sdmcet-dharwad,"Dharwad, Karnataka","AICTE, NBA Approved",A,1155010.0,659000.0,4394000.0,4.2,"Based on 271 User
Reviews",313.0,E034,100.0
#26,"M.S. Ramaiah University of Applied Sciences - [MSRUAS], Bangalore",https://collegedunia.com/university/54840-ms-ramaiah-university-of-applied-sciences-msruas-bangalore,"Bangalore, Karnataka","DCI, AICTE, PCI, BCI, UGC Approved",A+,2100000.0,700000.0,5200000.0,4.0,"Based on 155 User
Reviews",317.0,E235,100.0
#27,"Vidyavardhaka College of Engineering - [VVCE], Mysore",https://collegedunia.com/college/19173-vidyavardhaka-college-of-engineering-vvce-mysore,"Mysore, Karnataka","AICTE, UGC, NBA Approved",A,1332840.0,4130000.0,,4.1,"Based on 127 User
Reviews",320.0,E071,100.0
#28,"CMR Institute of Technology - [CMRIT], Bangalore",https://collegedunia.com/college/13134-cmr-institute-of-technology-cmrit-bangalore,"Bangalore, Karnataka","AICTE, NBA Approved",A++,1204000.0,699000.0,4410000.0,4.0,"Based on 480 User
Reviews",321.0,E008,100.0
#29,"Government Sri Krishnarajendra Silver Jubilee Technological Institute, Bangalore",https://collegedunia.com/college/13620-government-sri-krishnarajendra-silver-jubilee-technological-institute-bangalore,"Bangalore, Karnataka","AICTE, NBA Approved",,417060.0,,,3.6,"Based on 11 User
Reviews",325.0,E204,100.0
#31,"Acharya Institute of Technology - [AIT], Bangalore",https://collegedunia.com/college/12715-acharya-institute-of-technology-ait-bangalore,"Bangalore, Karnataka","AICTE, NBA Approved",,1204400.0,600000.0,6500000.0,4.1,"Based on 364 User
Reviews",329.0,E008,100.0
#32,"Malnad College of Engineering - [MCE], Hassan",https://collegedunia.com/college/14247-malnad-college-of-engineering-mce-hassan,"Hassan, Karnataka","AICTE, UGC, NBA Approved",B+,486440.0,1250000.0,,4.0,"Based on 78 User
Reviews",331.0,E024,100.0
#33,"Sahyadri College of Engineering & Management (SCEM), Mangalore",https://collegedunia.com/college/14894-sahyadri-college-of-engineering-and-management-scem-mangalore,"Mangalore, Karnataka","AICTE, NBA Approved",A,1204400.0,400000.0,4000000.0,4.1,"Based on 108 User
Reviews",332.0,E160,100.0
#34,"BGS & SJB Group of Institutions, Bangalore",https://collegedunia.com/college/15217-bgs-and-sjb-group-of-institutions-bangalore,"Bangalore, Karnataka","AICTE, NBA Approved",A+,1204400.0,552000.0,2700000.0,3.6,"Based on 118 User
Reviews",335.0,E115,100.0
#35,"Sri Siddhartha Institute of Technology - [SSIT], Tumkur",https://collegedunia.com/university/15267-sri-siddhartha-institute-of-technology-ssit-tumkur,"Tumkur, Karnataka","AICTE, NBA Approved",A+,1600000.0,1200000.0,,4.0,"Based on 50 User
Reviews",337.0,E017,100.0
#36,"KLE Dr. M.S.Sheshgiri College of Engineering & Technology, Belgaum",https://collegedunia.com/college/28567-kle-dr-mssheshgiri-college-of-engineering-and-technology-belgaum,"Belgaum, Karnataka","AICTE, NBA Approved",A,973698.0,3400000.0,,3.9,"Based on 46 User
Reviews",339.0,E036,100.0
#37,"Dayananda Sagar Academy of Technology and Management - [DSATM], Bangalore",https://collegedunia.com/college/13315-dayananda-sagar-academy-of-technology-and-management-dsatm-bangalore,"Bangalore, Karnataka","AICTE, NBA Approved",A+,1312840.0,536000.0,2511000.0,4.0,"Based on 180 User
Reviews",342.0,E212,100.0
#38,"PES College of Engineering - [PESCE], Mandya",https://collegedunia.com/college/14554-pes-college-of-engineering-pesce-mandya,"Mandya, Karnataka","AICTE, NBA Approved",A,374856.0,530000.0,1450000.0,3.9,"Based on 604 User
Reviews",343.0,E023,100.0
#39,"St Joseph Engineering College - [SJEC], Mangalore",https://collegedunia.com/college/15312-st-joseph-engineering-college-sjec-mangalore,"Mangalore, Karnataka","AICTE, NBA Approved",A+,976440.0,2750000.0,,4.0,"Based on 78 User
Reviews",346.0,E129,100.0
#40,"Global Academy of Technology - [GAT], Bangalore",https://collegedunia.com/college/13557-global-academy-of-technology-gat-bangalore,"Bangalore, Karnataka","AICTE, NBA Approved",A,880000.0,517000.0,2200000.0,3.9,"Based on 103 User
Reviews",347.0,E103,100.0
#41,"MVJ College of Engineering - [MVJCE], Bangalore",https://collegedunia.com/college/14164-mvj-college-of-engineering-mvjce-bangalore,"Bangalore, Karnataka","AICTE, UGC, NBA Approved",B++,327200.0,2770000.0,,3.8,"Based on 254 User
Reviews",350.0,E011,100.0
#42,"GSSS Institute of Engineering and Technology for Women - [GSSSIETW], Mysore",https://collegedunia.com/college/13516-gsss-institute-of-engineering-and-technology-for-women-gsssietw-mysore,"Mysore, Karnataka","AICTE, NBA Approved",A,900000.0,680000.0,3400000.0,4.3,"Based on 50 User
Reviews",352.0,E133,100.0
#43,"University BDT College of Engineering, Visvesvaraya Technological University - [UBDTCE], Davanagere",https://collegedunia.com/college/28248-university-bdt-college-of-engineering-visvesvaraya-technological-university-ubdtce-davanagere,"Davanagere, Karnataka","AICTE, NBA Approved",,472420.0,,,3.5,"Based on 27 User
Reviews",353.0,E061,100.0
#44,"Sapthagiri NPS University, Bangalore",https://collegedunia.com/university/14932-sapthagiri-nps-university-bangalore,"Bangalore, Karnataka","AICTE, UGC Approved",,1100000.0,600000.0,3500000.0,3.6,"Based on 109 User
Reviews",357.0,E108,100.0
#45,"Cambridge Institute of Technology - [CiTech], Bangalore",https://collegedunia.com/college/56039-cambridge-institute-of-technology-citech-bangalore,"Bangalore, Karnataka","AICTE, UGC, NBA Approved",A+,1204000.0,720000.0,5350000.0,4.1,"Based on 228 User
Reviews",358.0,E008,100.0
#46,"Basaveshwar Engineering College - [BEC], Bagalkot",https://collegedunia.com/college/13006-basaveshwar-engineering-college-bec-bagalkot,"Bagalkot, Karnataka","AICTE, NBA Approved",A,,,,3.8,"Based on 67 User
Reviews",360.0,E031,100.0
#47,"KLE Institute of Technology - [KLEIT], Hubli",https://collegedunia.com/college/56129-kle-institute-of-technology-kleit-hubli,"Hubli, Karnataka","AICTE, NBA Approved",,1171348.0,462000.0,800000.0,3.6,"Based on 29 User
Reviews",364.0,E166,100.0
#48,"Bapuji Institute of Engineering and Technology - [BIET], Davanagere",https://collegedunia.com/college/13000-bapuji-institute-of-engineering-and-technology-biet-davanagere,"Davanagere, Karnataka","AICTE, UGC, NBA Approved",A,,497000.0,3000000.0,3.8,"Based on 90 User
Reviews",365.0,E062,100.0
#49,"Jawaharlal Nehru National College of Engineering - [JNNCE], Shimoga",https://collegedunia.com/college/13863-jawaharlal-nehru-national-college-of-engineering-jnnce-shimoga,"Shimoga, Karnataka","AICTE, NBA Approved",A,948884.0,2400000.0,,3.7,"Based on 78 User
Reviews",367.0,E065,100.0
#50,"Dayananda Sagar University - [DSU], Bangalore",https://collegedunia.com/university/57903-dayananda-sagar-university-dsu-bangalore,"Bangalore, Karnataka","AICTE, PCI, INC, BCI, UGC Approved",A+,1648000.0,552000.0,3500000.0,4.1,"Based on 224 User
Reviews",368.0,E240,100.0
#51,"Visvesvaraya Technological University - [VTU], Belgaum",https://collegedunia.com/university/25633-visvesvaraya-technological-university-vtu-belgaum,"Belgaum, Karnataka","AICTE, UGC Approved",B+,450000.0,540000.0,,3.7,"Based on 11508 User
Reviews",371.0,E278,100.0
#52,"Ballari Institute of Technology and Management - [BITM], Bellary",https://collegedunia.com/college/12985-ballari-institute-of-technology-and-management-bitm-bellary,"Bellary, Karnataka","AICTE, UGC, NBA Approved",A+,,4000000.0,,4.1,"Based on 63 User
Reviews",374.0,E075,100.0
#53,"Mangalore Institute of Technology and Engineering - [MITE], Mangalore",https://collegedunia.com/college/14263-mangalore-institute-of-technology-and-engineering-mite-mangalore,"Mangalore, Karnataka",AICTE Approved,A+,1046000.0,5000000.0,,4.1,"Based on 115 User
Reviews",375.0,E151,100.0
#54,"BGS College of Engineering and Technology - [BGSCET], Bangalore",https://collegedunia.com/college/64467-bgs-college-of-engineering-and-technology-bgscet-bangalore,"Bangalore, Karnataka",AICTE Approved,,1080000.0,,,4.4,"Based on 4 User
Reviews",378.0,E088,100.0
#55,"PDA College of Engineering, Gulbarga",https://collegedunia.com/college/14549-pda-college-of-engineering-gulbarga,"Gulbarga, Karnataka","AICTE, UGC, NBA Approved",,880000.0,600000.0,,3.7,"Based on 83 User
Reviews",379.0,E041,100.0
#56,"Sri Jagadguru Chandrashekaranatha Swamiji Institute of Technology - [SJCIT], Chickballapur",https://collegedunia.com/college/15218-sri-jagadguru-chandrashekaranatha-swamiji-institute-of-technology-sjcit-chickballapur,"Chickballapur, Karnataka","AICTE, UGC, NBA Approved",A+,880000.0,560000.0,2800000.0,3.7,"Based on 81 User
Reviews",386.0,E014,100.0
#58,"The Oxford College of Engineering, Bangalore",https://collegedunia.com/college/15468-the-oxford-college-of-engineering-bangalore,"Bangalore, Karnataka","AICTE, UGC, NBA Approved",A,1500000.0,500000.0,2200000.0,3.3,"Based on 317 User
Reviews",391.0,E078,100.0
#59,"Atria Institute of Technology, Bangalore",https://collegedunia.com/college/12906-atria-institute-of-technology-bangalore,"Bangalore, Karnataka","AICTE, NBA Approved",A++,942440.0,1032000.0,3000000.0,3.6,"Based on 133 User
Reviews",392.0,E008,100.0
#60,"KS Institute of Technology - [KSIT], Bangalore",https://collegedunia.com/college/28606-ks-institute-of-technology-ksit-bangalore,"Bangalore, Karnataka","AICTE, NBA Approved",A+,880000.0,,,3.5,"Based on 65 User
Reviews",396.0,E008,100.0
#62,"Vidya Vikas Institute of Engineering and Technology - [VVIET], Mysore",https://collegedunia.com/college/24594-vidya-vikas-institute-of-engineering-and-technology-vviet-mysore,"Mysore, Karnataka","AICTE, NBA Approved",B+,409640.0,750000.0,,3.9,"Based on 58 User
Reviews",401.0,E077,100.0
#63,"Government Engineering College - [GECH], Hassan",https://collegedunia.com/college/13617-government-engineering-college-gech-hassan,"Hassan, Karnataka",AICTE Approved,,163000.0,320000.0,500000.0,3.9,"Based on 23 User
Reviews",404.0,E155,100.0
#64,"Sai Vidya Institute of Technology - [SVIT], Bangalore",https://collegedunia.com/college/14901-sai-vidya-institute-of-technology-svit-bangalore,"Bangalore, Karnataka","AICTE, NBA Approved",A,,543000.0,2000000.0,4.3,"Based on 220 User
Reviews",405.0,E008,100.0
#65,"Maharaja Institute of Technology - [MIT], Mysore",https://collegedunia.com/college/14197-maharaja-institute-of-technology-mit-mysore,"Mysore, Karnataka","AICTE, NBA Approved",B++,880000.0,517958.0,700000.0,3.9,"Based on 92 User
Reviews",407.0,E158,100.0
#66,"Don Bosco Institute of Technology - [DBIT], Bangalore",https://collegedunia.com/college/13359-don-bosco-institute-of-technology-dbit-bangalore,"Bangalore, Karnataka","AICTE, NBA Approved",A,1124400.0,3000000.0,,3.7,"Based on 177 User
Reviews",410.0,E008,100.0
#67,"GM University, Davanagere",https://collegedunia.com/university/13507-gm-university-davanagere,"Davanagere, Karnataka","AICTE, UGC, NBA Approved",B++,1040000.0,,,3.8,"Based on 62 User
Reviews",411.0,E114,100.0
#68,"AMC Engineering College - [AMC], Bangalore",https://collegedunia.com/college/12679-amc-engineering-college-amc-bangalore,"Bangalore, Karnataka","AICTE, NBA Approved",A+,,550000.0,3000000.0,3.7,"Based on 144 User
Reviews",413.0,E095,100.0
#69,"RajaRajeswari College of Engineering - [RRCE], Bangalore",https://collegedunia.com/college/56090-rajarajeswari-college-of-engineering-rrce-bangalore,"Bangalore, Karnataka","AICTE, UGC, NBA Approved",A+,880000.0,450000.0,2400000.0,3.5,"Based on 89 User
Reviews",414.0,E145,100.0
#70,"BLDEA's V.P. Dr.P.G.Halakatti College of Engineering & Technology, Bijapur",https://collegedunia.com/college/12939-bldeas-vp-drpghalakatti-college-of-engineering-and-technology-bijapur,"Bijapur, Karnataka","AICTE, NBA Approved",A+,880000.0,300000.0,2700000.0,3.8,"Based on 50 User
Reviews",417.0,E038,100.0
#71,"Jain College of Engineering - [JCE], Belgaum",https://collegedunia.com/college/18171-jain-college-of-engineering-jce-belgaum,"Belgaum, Karnataka","AICTE, NBA Approved",,489440.0,550000.0,1275000.0,3.7,"Based on 45 User
Reviews",418.0,E196,100.0
#72,"PES Institute of Technology and Management - [PESITM], Shimoga",https://collegedunia.com/college/56048-pes-institute-of-technology-and-management-pesitm-shimoga,"Shimoga, Karnataka","AICTE, NBA Approved",A,880000.0,330000.0,800000.0,3.9,"Based on 39 User
Reviews",420.0,E150,100.0
#73,"East Point Group of Institutions - [EPGI], Bangalore",https://collegedunia.com/college/13428-east-point-group-of-institutions-epgi-bangalore,"Bangalore, Karnataka","AICTE, PCI, INC, NBA Approved",,1426500.0,650000.0,3300000.0,3.7,"Based on 151 User
Reviews",421.0,E096,100.0
#74,"KLE College of Engineering and Technology - [KLECET], Chikodi",https://collegedunia.com/college/13924-kle-college-of-engineering-and-technology-klecet-chikodi,"Chikodi, Karnataka","AICTE, NBA Approved",,860000.0,350000.0,725000.0,3.8,"Based on 16 User
Reviews",422.0,E167,100.0
#75,"East West Institute of Technology - [EWIT], Bangalore",https://collegedunia.com/college/13430-east-west-institute-of-technology-ewit-bangalore,"Bangalore, Karnataka","AICTE, UGC, NBA Approved",A,1240000.0,2665000.0,,3.5,"Based on 82 User
Reviews",424.0,E008,100.0
#76,"Adichunchanagiri Institute of Technology- [AIT], Chikmagalur",https://collegedunia.com/college/12729-adichunchanagiri-institute-of-technology-ait-chikmagalur,"Chikmagalur, Karnataka",AICTE Approved,A,824444.0,,,3.5,"Based on 54 User
Reviews",426.0,E064,100.0
#78,"KLS Vishwanathrao Deshpande Institute of Technology - [VDIT], Haliyal",https://collegedunia.com/college/28582-kls-vishwanathrao-deshpande-institute-of-technology-vdit-haliyal,"Haliyal, Karnataka",AICTE Approved,,764444.0,,,3.7,"Based on 23 User
Reviews",428.0,E135,100.0
#80,"Maharaja Institute of Technology Thandavapura - [MITT], Mysore",https://collegedunia.com/college/59171-maharaja-institute-of-technology-thandavapura-mitt-mysore,"Mysore, Karnataka",AICTE Approved,,449640.0,1200000.0,,4.0,"Based on 14 User
Reviews",431.0,E158,100.0
#81,"BGS Institute of Technology - [BGSIT], Mandya",https://collegedunia.com/college/12932-bgs-institute-of-technology-bgsit-mandya,"Mandya, Karnataka","AICTE, NBA Approved",A+,680000.0,,,4.3,"Based on 60 User
Reviews",432.0,E142,100.0
#83,"Jyothy Institute of Technology - [JIT], Bangalore",https://collegedunia.com/college/28516-jyothy-institute-of-technology-jit-bangalore,"Bangalore, Karnataka","AICTE, NBA Approved",,880000.0,2100000.0,,4.0,"Based on 31 User
Reviews",251.0,E008,100.0
#84,"Sharnbasva university, Gulbarga",https://collegedunia.com/university/59788-sharnbasva-university-gulbarga,"Gulbarga, Karnataka","AICTE, COA, PCI, UGC, NBA Approved",,361172.0,400000.0,720000.0,4.1,"Based on 44 User
Reviews",,E128,100.0
#85,"Vivekananda Institute of Technology, Bangalore",https://collegedunia.com/college/15536-vivekananda-institute-of-technology-bangalore,"Bangalore, Karnataka",AICTE Approved,,744000.0,719000.0,1800000.0,3.6,"Based on 41 User
Reviews",135.0,E008,100.0
#86,"Canara Engineering College - [CEC], Mangalore",https://collegedunia.com/college/13160-canara-engineering-college-cec-mangalore,"Mangalore, Karnataka","AICTE, NBA Approved",A,500824.0,595000.0,2368000.0,3.7,"Based on 47 User
Reviews",,E123,100.0
#87,"Academy for Technical and Management Excellence - [ATME], Mysore",https://collegedunia.com/college/12709-academy-for-technical-and-management-excellence-atme-mysore,"Mysore, Karnataka","AICTE, NBA Approved",A+,1006840.0,1200000.0,,3.9,"Based on 44 User
Reviews",142.0,E205,100.0
#88,"Bangalore College of Engineering and Technology-[BCET], Bangalore",https://collegedunia.com/college/12988-bangalore-college-of-engineering-and-technologybcet-bangalore,"Bangalore, Karnataka",AICTE Approved,,400000.0,,,4.0,"Based on 17 User
Reviews",,E088,100.0
#89,"Channabasaveshwara Institute of Technology - [CIT], Tumkur",https://collegedunia.com/college/13201-channabasaveshwara-institute-of-technology-cit-tumkur,"Tumkur, Karnataka","AICTE, UGC, NBA Approved",B+,1204000.0,450000.0,1360000.0,3.7,"Based on 32 User
Reviews",52.0,E101,100.0
#90,"Smt Kamala & Sri Venkappa M Agadi College of Engineering & Technology - [SKSVMACET], Gadag",https://collegedunia.com/college/15166-smt-kamala-and-sri-venkappa-m-agadi-college-of-engineering-and-technology-sksvmacet-gadag,"Gadag, Karnataka",AICTE Approved,B++,744000.0,600000.0,,3.8,"Based on 13 User
Reviews",,E134,100.0
#91,"Vemana Institute of Technology, Bangalore",https://collegedunia.com/college/45836-vemana-institute-of-technology-bangalore,"Bangalore, Karnataka",AICTE Approved,,519160.0,3200000.0,,3.7,"Based on 54 User
Reviews",,E008,100.0
#92,"Alliance University, Bangalore",https://collegedunia.com/university/25591-alliance-university-bangalore,"Bangalore, Karnataka","AICTE, BCI, UGC, AACSB Approved",A+,1800000.0,850000.0,6010000.0,3.9,"Based on 334 User
Reviews",251.0,E220,100.0
#93,"SDM Institute of Technology -[SDMIT] Ujire, Mangalore",https://collegedunia.com/college/24407-sdm-institute-of-technology-sdmit-ujire-mangalore,"Mangalore, Karnataka",AICTE Approved,,764444.0,,,3.9,"Based on 48 User
Reviews",,E152,100.0
#94,"Sri Venkateshwara College of Engineering - [SVCE], Bangalore",https://collegedunia.com/college/15279-sri-venkateshwara-college-of-engineering-svce-bangalore,"Bangalore, Karnataka","AICTE, NBA Approved",B++,968440.0,820000.0,,3.6,"Based on 94 User
Reviews",43.0,E111,100.0
#95,"Shri Madhwa Vadiraja Institute of Technology & Management - [SMVITM], Udupi",https://collegedunia.com/college/28627-shri-madhwa-vadiraja-institute-of-technology-and-management-smvitm-udupi,"Udupi, Karnataka","AICTE, UGC, NBA Approved",A,880000.0,600000.0,1500000.0,3.8,"Based on 21 User
Reviews",,E206,100.0
#96,"Nagarjuna College of Engineering and Technology - [NCET], Bangalore",https://collegedunia.com/college/14408-nagarjuna-college-of-engineering-and-technology-ncet-bangalore,"Bangalore, Karnataka","AICTE, UGC, NBA Approved",A+,1065908.0,1800000.0,,3.8,"Based on 62 User
Reviews",36.0,E088,100.0
#97,"Alva's Institute of Engineering and Technology, Mangalore",https://collegedunia.com/college/28378-alvas-institute-of-engineering-and-technology-mangalore,"Mangalore, Karnataka","AICTE, UGC, NBA Approved",A+,880000.0,2000000.0,,4.0,"Based on 46 User
Reviews",133.0,E151,100.0
#98,"HKBK Group of Institutions, Bangalore",https://collegedunia.com/college/13688-hkbk-group-of-institutions-bangalore,"Bangalore, Karnataka","AICTE, UGC, NBA, AIU Approved",,,3240000.0,,3.5,"Based on 107 User
Reviews",91.0,E083,100.0
#99,"Jain College of Engineering and Research - [JCER], Belagavi",https://collegedunia.com/college/59513-jain-college-of-engineering-and-research-jcer-belagavi,"Belagavi, Karnataka",AICTE Approved,,820000.0,,,3.8,"Based on 8 User
Reviews",,E269,100.0
#100,"Vivekananda College of Engineering & Technology - [VCET], Puttur",https://collegedunia.com/college/15532-vivekananda-college-of-engineering-and-technology-vcet-puttur,"Puttur, Karnataka","AICTE, NBA Approved",,1204400.0,,,3.8,"Based on 35 User
Reviews",118.0,E121,100.0
#101,"APS College of Engineering - [APS], Bangalore",https://collegedunia.com/college/23754-aps-college-of-engineering-aps-bangalore,"Bangalore, Karnataka","AICTE, NBA Approved",B,,,,3.2,"Based on 43 User
Reviews",,E085,100.0
#102,"Jain College of Engineering and Technology - [JCET], Hubli",https://collegedunia.com/college/59511-jain-college-of-engineering-and-technology-jcet-hubli,"Hubli, Karnataka",AICTE Approved,,880000.0,900000.0,,4.1,"Based on 17 User
Reviews",,E265,100.0
#103,"SG Balekundri Institute of Technology - [SGBIT], Belgaum",https://collegedunia.com/college/14822-sg-balekundri-institute-of-technology-sgbit-belgaum,"Belgaum, Karnataka","AICTE, UGC, NBA Approved",,880000.0,286000.0,600000.0,3.7,"Based on 18 User
Reviews",,E175,100.0
#104,"ACS College of Engineering - [ACSCE], Bangalore",https://collegedunia.com/college/12672-acs-college-of-engineering-acsce-bangalore,"Bangalore, Karnataka","AICTE, NBA Approved",A,880000.0,500000.0,800000.0,3.7,"Based on 48 User
Reviews",,E186,100.0
#105,"Sri Revana Siddeshwara Institute of Technology - [SRSIT], Bangalore",https://collegedunia.com/college/15250-sri-revana-siddeshwara-institute-of-technology-srsit-bangalore,"Bangalore, Karnataka",AICTE Approved,,449640.0,260000.0,,2.4,"Based on 9 User
Reviews",,E008,100.0
#106,"AJ Institute of Engineering and Technology - [AJIET], Mangalore",https://collegedunia.com/college/59170-aj-institute-of-engineering-and-technology-ajiet-mangalore,"Mangalore, Karnataka",AICTE Approved,,449640.0,1400000.0,,3.5,"Based on 32 User
Reviews",109.0,E151,100.0
#108,"Government Engineering College, Mandya",https://collegedunia.com/college/24056-government-engineering-college-mandya,"Mandya, Karnataka",AICTE Approved,,176800.0,400000.0,,3.4,"Based on 5 User
Reviews",,E156,100.0
#109,"Sri Sairam College of Engineering, Bangalore",https://collegedunia.com/college/15120-sri-sairam-college-of-engineering-bangalore,"Bangalore, Karnataka","AICTE, NBA Approved",A+,,450000.0,1600000.0,3.7,"Based on 48 User
Reviews",88.0,E086,100.0
#110,"University of Mysore - [UOM], Mysore",https://collegedunia.com/university/25618-university-of-mysore-uom-mysore,"Mysore, Karnataka","UGC, AIU Approved",A,,,,3.8,"Based on 634 User
Reviews",,E283,100.0
#111,"Government Engineering College - [GEC], Raichur",https://collegedunia.com/college/59505-government-engineering-college-gec-raichur,"Raichur, Karnataka",AICTE Approved,,176800.0,,,4.3,"Based on 5 User
Reviews",,E162,100.0
#112,"East West College of Engineering - [EWCE], Bangalore",https://collegedunia.com/college/56384-east-west-college-of-engineering-ewce-bangalore,"Bangalore, Karnataka",AICTE Approved,,1100000.0,,,3.9,"Based on 75 User
Reviews",,E239,100.0
#113,"Srinivas Institute of Technology - [SIT] Volachil, Mangalore",https://collegedunia.com/college/15297-srinivas-institute-of-technology-sit-volachil-mangalore,"Mangalore, Karnataka",AICTE Approved,A,800000.0,,,3.8,"Based on 94 User
Reviews",,E144,100.0
#114,"Government Engineering College - [GEC], Chamarajnagar",https://collegedunia.com/college/56820-government-engineering-college-gec-chamarajnagar,"Chamarajnagar, Karnataka",AICTE Approved,,176800.0,,,3.1,"Based on 6 User
Reviews",,E154,100.0
#115,"Bheemanna Khandre Institute of Technology - [BKIT], Bhalki",https://collegedunia.com/college/13070-bheemanna-khandre-institute-of-technology-bkit-bhalki,"Bhalki, Karnataka","AICTE, NBA Approved",B++,529640.0,,,3.6,"Based on 26 User
Reviews",,E043,100.0
#116,"Rajeev Institute of Technology - [RIT], Hassan",https://collegedunia.com/college/14726-rajeev-institute-of-technology-rit-hassan,"Hassan, Karnataka","AICTE, NBA Approved",A,880000.0,450000.0,1200000.0,3.7,"Based on 27 User
Reviews",276.0,E177,100.0
#117,"Cambridge Institute of Technology North Campus, Bangalore",https://collegedunia.com/college/64487-cambridge-institute-of-technology-north-campus-bangalore,"Bangalore, Karnataka",AICTE Approved,A+,1204400.0,5350000.0,,4.0,"Based on 13 User
Reviews",46.0,E008,100.0
#118,"Rao Bahadur Y Mahabaleshwarappa Engineering College - [RYMEC], Bellary",https://collegedunia.com/college/56056-rao-bahadur-y-mahabaleshwarappa-engineering-college-rymec-bellary,"Bellary, Karnataka","AICTE, NBA Approved",A+,944440.0,1550000.0,,3.7,"Based on 37 User
Reviews",139.0,E045,100.0
#119,"Rajiv Gandhi Institute of Technology - [RGIT], Bangalore",https://collegedunia.com/college/14736-rajiv-gandhi-institute-of-technology-rgit-bangalore,"Bangalore, Karnataka",AICTE Approved,,684444.0,400000.0,800000.0,2.9,"Based on 34 User
Reviews",,E008,100.0
#120,"Khaja Bandanawaz University - [KBNU], Gulbarga",https://collegedunia.com/university/59978-khaja-bandanawaz-university-kbnu-gulbarga,"Gulbarga, Karnataka","NCTE, AICTE, BCI, UGC, AIU Approved",,576000.0,,,3.7,"Based on 9 User
Reviews",,E042,100.0
#121,"KNS Institute of Technology - [KNSIT], Bangalore",https://collegedunia.com/college/13936-kns-institute-of-technology-knsit-bangalore,"Bangalore, Karnataka",AICTE Approved,,744000.0,3000000.0,,3.6,"Based on 46 User
Reviews",,E008,100.0
#122,"Government Engineering College - [GEC], Haveri",https://collegedunia.com/college/56736-government-engineering-college-gec-haveri,"Haveri, Karnataka",AICTE Approved,,176800.0,,,4.1,"Based on 14 User
Reviews",,E163,100.0
#123,"Hirasugar Institute of Technology - [HIT], Belgaum",https://collegedunia.com/college/13729-hirasugar-institute-of-technology-hit-belgaum,"Belgaum, Karnataka","AICTE, UGC, NBA Approved",A+,449640.0,344000.0,432000.0,3.7,"Based on 10 User
Reviews",,E040,100.0
#124,"Bangalore Technological Institute - [BTI], Bangalore",https://collegedunia.com/college/28434-bangalore-technological-institute-bti-bangalore,"Bangalore, Karnataka",AICTE Approved,,730000.0,1200000.0,,3.3,"Based on 14 User
Reviews",,E204,100.0
#125,"Government Engineering College - [GECR], Ramanagar",https://collegedunia.com/college/59502-government-engineering-college-gecr-ramanagar,"Ramanagar, Karnataka",AICTE Approved,,176800.0,,,3.1,"Based on 13 User
Reviews",,E157,100.0
#126,"Jain Institute of Technology - [JIT], Davanagere",https://collegedunia.com/college/18174-jain-institute-of-technology-jit-davanagere,"Davanagere, Karnataka",AICTE Approved,A+,695744.0,301000.0,900000.0,3.8,"Based on 32 User
Reviews",,E211,100.0
#127,"KCT Engineering College, Gulbarga",https://collegedunia.com/college/59499-kct-engineering-college-gulbarga,"Gulbarga, Karnataka",AICTE Approved,,449640.0,,,2.4,"Based on 10 User
Reviews",,E119,100.0
#128,"Gopalan College of Engineering and Management - [GCEM], Bangalore",https://collegedunia.com/college/13580-gopalan-college-of-engineering-and-management-gcem-bangalore,"Bangalore, Karnataka","AICTE, NBA Approved",B+,880000.0,450000.0,1400000.0,3.8,"Based on 31 User
Reviews",219.0,E201,100.0
#129,"Kalpataru Institute of Technology - [KIT], Tiptur",https://collegedunia.com/college/13963-kalpataru-institute-of-technology-kit-tiptur,"Tiptur, Karnataka","AICTE, NBA Approved",B+,880000.0,700000.0,,4.0,"Based on 45 User
Reviews",,E018,100.0
#130,"K.S. School of Engineering and Management- [KSSEM], Bangalore",https://collegedunia.com/college/28623-ks-school-of-engineering-and-management-kssem-bangalore,"Bangalore, Karnataka","AICTE, NBA Approved",B++,880000.0,500000.0,1100000.0,3.8,"Based on 49 User
Reviews",,E203,100.0
#131,"RR Institute of Technology - [RRIT], Bangalore",https://collegedunia.com/college/14668-rr-institute-of-technology-rrit-bangalore,"Bangalore, Karnataka","AICTE, UGC, NBA Approved",A+,880000.0,,,3.6,"Based on 36 User
Reviews",276.0,E008,100.0
#132,"Angadi Institute of Technology and Management - [AITM], Belgaum",https://collegedunia.com/college/12821-angadi-institute-of-technology-and-management-aitm-belgaum,"Belgaum, Karnataka","AICTE, NBA Approved",B+,876552.0,250000.0,500000.0,3.9,"Based on 22 User
Reviews",,E185,100.0
#133,"T John Institute of Technology - [TJIT], Bangalore",https://collegedunia.com/college/15413-t-john-institute-of-technology-tjit-bangalore,"Bangalore, Karnataka","AICTE, NBA Approved",,1200000.0,,,3.7,"Based on 34 User
Reviews",217.0,E008,100.0
#134,"Coorg Institute of Technology - [CIT], Kodagu",https://collegedunia.com/college/13277-coorg-institute-of-technology-cit-kodagu,"Kodagu, Karnataka",AICTE Approved,,880000.0,240000.0,420000.0,3.5,"Based on 14 User
Reviews",,E094,100.0
#135,"Sri Krishna Institute of Technology - [SKIT], Bangalore",https://collegedunia.com/college/15226-sri-krishna-institute-of-technology-skit-bangalore,"Bangalore, Karnataka","AICTE, NBA Approved",B,744000.0,1225000.0,,3.5,"Based on 49 User
Reviews",,E008,100.0
#136,"Tontadarya College of Engineering, Gadag",https://collegedunia.com/college/15484-tontadarya-college-of-engineering-gadag,"Gadag, Karnataka","AICTE, NBA Approved",B,449640.0,350000.0,900000.0,4.0,"Based on 16 User
Reviews",,E028,100.0
#137,"Dr MV Shetty Institute of Technology - [MVSIT], Mangalore",https://collegedunia.com/college/13392-dr-mv-shetty-institute-of-technology-mvsit-mangalore,"Mangalore, Karnataka",AICTE Approved,,449640.0,,,3.8,"Based on 1 User
Reviews",,E216,100.0
#138,"Government Engineering college - [GECK], Kodagu",https://collegedunia.com/college/56745-government-engineering-college-geck-kodagu,"Kodagu, Karnataka",AICTE Approved,,176800.0,,,3.1,"Based on 7 User
Reviews",,E161,100.0
#139,"Godutai Engineering College for Women - [GECW], Gulbarga",https://collegedunia.com/college/58951-godutai-engineering-college-for-women-gecw-gulbarga,"Gulbarga, Karnataka",AICTE Approved,,386000.0,,,3.5,"Based on 2 User
Reviews",,E198,100.0
#140,"Brindavan College of Engineering - [BCE], Bangalore",https://collegedunia.com/college/13112-brindavan-college-of-engineering-bce-bangalore,"Bangalore, Karnataka",AICTE Approved,A,1124000.0,620000.0,950000.0,3.5,"Based on 37 User
Reviews",,E171,100.0
#141,"AGM Rural College of Engineering and Technology - [GMRCET], Hubli",https://collegedunia.com/college/28362-agm-rural-college-of-engineering-and-technology-gmrcet-hubli,"Hubli, Karnataka",AICTE Approved,,878480.0,1000000.0,,3.9,"Based on 10 User
Reviews",,E199,100.0
#142,"City Engineering College - [CEC], Bangalore",https://collegedunia.com/college/13230-city-engineering-college-cec-bangalore,"Bangalore, Karnataka",AICTE Approved,B+,966884.0,400000.0,1440000.0,3.3,"Based on 57 User
Reviews",,E109,100.0
#143,"Proudhadeveraya Institute of Technology - [PDIT], Hospet",https://collegedunia.com/college/14615-proudhadeveraya-institute-of-technology-pdit-hospet,"Hospet, Karnataka",AICTE Approved,B+,720000.0,,,3.7,"Based on 28 User
Reviews",,E076,100.0
#144,"Sambhram Institute of Technology - [SAIT], Bangalore",https://collegedunia.com/college/14909-sambhram-institute-of-technology-sait-bangalore,"Bangalore, Karnataka",AICTE Approved,,409640.0,2000000.0,,3.6,"Based on 97 User
Reviews",224.0,E008,100.0
#145,"Sri Taralabalu Jagadguru Institute of Technology - [STJIT], Haveri",https://collegedunia.com/college/15273-sri-taralabalu-jagadguru-institute-of-technology-stjit-haveri,"Haveri, Karnataka",AICTE Approved,,400000.0,,,3.6,"Based on 18 User
Reviews",,E033,100.0
#146,"SEA College of Engineering and Technology - [SEACET], Bangalore",https://collegedunia.com/college/14821-sea-college-of-engineering-and-technology-seacet-bangalore,"Bangalore, Karnataka","AICTE, NBA Approved",B++,880000.0,890000.0,2250000.0,3.5,"Based on 40 User
Reviews",,E088,100.0
#147,"Mysore College of Engineering & Management - [MYCEM], Mysore",https://collegedunia.com/college/57906-mysore-college-of-engineering-and-management-mycem-mysore,"Mysore, Karnataka",AICTE Approved,,756768.0,,,3.1,"Based on 7 User
Reviews",,E252,100.0
#148,"Government Engineering College - [GEC], Karwar",https://collegedunia.com/college/59501-government-engineering-college-gec-karwar,"Karwar, Karnataka",AICTE Approved,,176800.0,,,4.2,"Based on 7 User
Reviews",,E002,100.0
#149,"Maratha Mandal Engineering College - [MMEC], Belgaum",https://collegedunia.com/college/14280-maratha-mandal-engineering-college-mmec-belgaum,"Belgaum, Karnataka",AICTE Approved,,449640.0,400000.0,1000000.0,3.0,"Based on 9 User
Reviews",,E029,100.0
#150,"Bahubali College of Engineering - [BCE], Hassan",https://collegedunia.com/college/12976-bahubali-college-of-engineering-bce-hassan,"Hassan, Karnataka",AICTE Approved,,449640.0,,,3.7,"Based on 12 User
Reviews",,E070,100.0
#151,"Shridevi Institute of Engineering and Technology - [SIET], Tumkur",https://collegedunia.com/college/15119-shridevi-institute-of-engineering-and-technology-siet-tumkur,"Tumkur, Karnataka",AICTE Approved,,764444.0,720000.0,,3.9,"Based on 23 User
Reviews",,E130,100.0
#152,"Government Engineering College, Bellary",https://collegedunia.com/college/59512-government-engineering-college-bellary,"Bellary, Karnataka","AICTE, NBA Approved",,176800.0,,,3.5,"Based on 5 User
Reviews",,E164,100.0
#153,"KVG College of Engineering - [KVGCE], Sullia",https://collegedunia.com/college/13951-kvg-college-of-engineering-kvgce-sullia,"Sullia, Karnataka",AICTE Approved,,608000.0,,,3.6,"Based on 21 User
Reviews",133.0,E054,100.0
#154,"S.J.M. Institute of technology - [SJMIT], Chitradurga",https://collegedunia.com/college/14827-sjm-institute-of-technology-sjmit-chitradurga,"Chitradurga, Karnataka",AICTE Approved,B++,940000.0,,,3.5,"Based on 27 User
Reviews",151.0,E063,100.0
#155,"Yenepoya Institute of Technology - [YIT], Mangalore",https://collegedunia.com/college/59508-yenepoya-institute-of-technology-yit-mangalore,"Mangalore, Karnataka",AICTE Approved,,880000.0,640000.0,1000000.0,4.1,"Based on 34 User
Reviews",99.0,E165,100.0
#156,"PA College of Engineering - [PACE], Mangalore",https://collegedunia.com/college/14543-pa-college-of-engineering-pace-mangalore,"Mangalore, Karnataka","AICTE, NBA Approved",,417360.0,361000.0,725000.0,3.8,"Based on 57 User
Reviews",90.0,E055,100.0
#157,"Amity University, Bangalore",https://collegedunia.com/university/64754-amity-university-bangalore,"Bangalore, Karnataka",UGC Approved,,1680000.0,2300000.0,,3.8,"Based on 3 User
Reviews",,E302,100.0
#158,"Impact College of Engineering and Applied Sciences - [ICEAS], Bangalore",https://collegedunia.com/college/13777-impact-college-of-engineering-and-applied-sciences-iceas-bangalore,"Bangalore, Karnataka",AICTE Approved,,580000.0,,,3.2,"Based on 23 User
Reviews",,E139,100.0
#159,"RTE Sociey's Rural Engineering College - [REC], Gadag",https://collegedunia.com/college/28722-rte-socieys-rural-engineering-college-rec-gadag,"Gadag, Karnataka","AICTE, UGC Approved",A,1204400.0,500000.0,,3.5,"Based on 12 User
Reviews",,E032,100.0
#160,"Basavakalyan Engineering College - [BKET], Basavakalyan",https://collegedunia.com/college/13004-basavakalyan-engineering-college-bket-basavakalyan,"Basavakalyan, Karnataka",AICTE Approved,,580000.0,,,2.8,"Based on 10 User
Reviews",,E093,100.0
#161,"M S Engineering College - [MSEC], Bangalore",https://collegedunia.com/college/14161-m-s-engineering-college-msec-bangalore,"Bangalore, Karnataka","AICTE, UGC Approved",B++,880000.0,500000.0,1100000.0,3.2,"Based on 47 User
Reviews",82.0,E127,100.0
#162,"Mysuru Royal Institute of Technology - [MRIT] Lakshmipura, Mysore",https://collegedunia.com/college/57908-mysuru-royal-institute-of-technology-mrit-lakshmipura-mysore,"Mysore, Karnataka",AICTE Approved,,744000.0,600000.0,,4.2,"Based on 11 User
Reviews",132.0,E238,100.0
#163,"Amruta Institute of Engineering and Management Sciences - [AIEMS], Bangalore",https://collegedunia.com/college/12811-amruta-institute-of-engineering-and-management-sciences-aiems-bangalore,"Bangalore, Karnataka",AICTE Approved,B++,880000.0,,,3.8,"Based on 6 User
Reviews",,E168,100.0
#164,"RL Jalappa Institute of Technology - [RLJIT], Bangalore",https://collegedunia.com/college/14656-rl-jalappa-institute-of-technology-rljit-bangalore,"Bangalore, Karnataka",AICTE Approved,A,880000.0,295000.0,700000.0,4.0,"Based on 35 User
Reviews",,E008,100.0
#165,"Dr. T. Thimmaiah Institute of Technology - [DRTTIT], Kolar",https://collegedunia.com/college/13574-dr-t-thimmaiah-institute-of-technology-drttit-kolar,"Kolar, Karnataka","AICTE, NBA Approved",,449640.0,,,3.7,"Based on 22 User
Reviews",,E015,100.0
#166,"SLN College of Engineering, Raichur",https://collegedunia.com/college/14834-sln-college-of-engineering-raichur,"Raichur, Karnataka",AICTE Approved,B+,,,,3.1,"Based on 5 User
Reviews",,E046,100.0
#167,"Sri Vijaya Vittala Institute of Technology- [VVIT], Bangalore",https://collegedunia.com/college/15291-sri-vijaya-vittala-institute-of-technology-vvit-bangalore,"Bangalore, Karnataka",AICTE Approved,,880000.0,1500000.0,,3.5,"Based on 43 User
Reviews",,E008,100.0
#168,"Achutha Institute of Technology - [AIT], Bangalore",https://collegedunia.com/college/12716-achutha-institute-of-technology-ait-bangalore,"Bangalore, Karnataka",AICTE Approved,,449640.0,,,3.4,"Based on 3 User
Reviews",,E008,100.0
#169,"SECAB Institute of Engineering and Technology - [SIET], Bijapur",https://collegedunia.com/college/14985-secab-institute-of-engineering-and-technology-siet-bijapur,"Bijapur, Karnataka",AICTE Approved,,1045908.0,,,2.9,"Based on 6 User
Reviews",,E132,100.0
#170,"Bearys Institute of Technology-[BIT], Mangalore",https://collegedunia.com/college/13010-bearys-institute-of-technologybit-mangalore,"Mangalore, Karnataka",AICTE Approved,B+,800000.0,,,3.9,"Based on 36 User
Reviews",,E180,100.0
#171,"Navodaya Institute of Technology - [NIT], Raichur",https://collegedunia.com/college/14468-navodaya-institute-of-technology-nit-raichur,"Raichur, Karnataka","AICTE, UGC Approved",A,880000.0,,,3.6,"Based on 13 User
Reviews",,E176,100.0
#172,"Ghousia College of Engineering - [GCE], Ramanagar",https://collegedunia.com/college/13553-ghousia-college-of-engineering-gce-ramanagar,"Ramanagar, Karnataka","AICTE, NBA Approved",,449640.0,,,3.5,"Based on 31 User
Reviews",,E013,100.0
#173,"Biluru Gurubasava Mahaswamiji Institute of Technology - [BGMIT], Bagalkot",https://collegedunia.com/college/56174-biluru-gurubasava-mahaswamiji-institute-of-technology-bgmit-bagalkot,"Bagalkot, Karnataka","AICTE, NBA Approved",,500000.0,,,4.0,"Based on 2 User
Reviews",,E221,100.0
#174,"Dr. Sri Sri Sri Shivakumar Mahaswamy College of Engineering - [Dr.SMCE], Nelamagala",https://collegedunia.com/college/13405-dr-sri-sri-sri-shivakumar-mahaswamy-college-of-engineering-drsmce-nelamagala,"Nelamagala, Karnataka",AICTE Approved,,824444.0,1225000.0,,3.4,"Based on 19 User
Reviews",,E174,100.0
#175,"Vidyashilp University - [VU], Bangalore",https://collegedunia.com/university/62384-vidyashilp-university-vu-bangalore,"Bangalore, Karnataka","BCI, UGC, AIU Approved",,2029500.0,,,4.0,"Based on 1 User
Reviews",,E287,100.0
#176,"Akshaya Institute of Technology - [AIT], Tumkur",https://collegedunia.com/college/12760-akshaya-institute-of-technology-ait-tumkur,"Tumkur, Karnataka",AICTE Approved,,800000.0,730000.0,,3.7,"Based on 29 User
Reviews",,E191,100.0
#177,"Shree Devi Institute of Technology - [SDIT], Mangalore",https://collegedunia.com/college/15049-shree-devi-institute-of-technology-sdit-mangalore,"Mangalore, Karnataka",AICTE Approved,,800000.0,312000.0,506000.0,3.7,"Based on 36 User
Reviews",,E146,100.0
#178,"Akash Institute Of Engineering & Technology - [AIET], Bangalore",https://collegedunia.com/college/64516-akash-institute-of-engineering-and-technology-aiet-bangalore,"Bangalore, Karnataka",AICTE Approved,,779610.0,,,3.8,"Based on 7 User
Reviews",,E008,100.0
#179,"HMS Institute of Technology - [HMSIT], Tumkur",https://collegedunia.com/college/13692-hms-institute-of-technology-hmsit-tumkur,"Tumkur, Karnataka","AICTE, NBA Approved",,386000.0,,,3.2,"Based on 16 User
Reviews",,E081,100.0
#180,"Jnana Vikas Institute of Technology - [JVIT], Bangalore Rural",https://collegedunia.com/college/13880-jnana-vikas-institute-of-technology-jvit-bangalore-rural,"Bangalore Rural, Karnataka",AICTE Approved,,449640.0,,,3.6,"Based on 5 User
Reviews",,E008,100.0
#181,"VSM Institute of Technology - [VSMIT], Belgaum",https://collegedunia.com/college/28936-vsm-institute-of-technology-vsmit-belgaum,"Belgaum, Karnataka",AICTE Approved,,449640.0,,,3.2,"Based on 6 User
Reviews",,E207,100.0
#182,"G. Made Gowda Institute of Technology - [GMIT], Mandya",https://collegedunia.com/college/13478-g-made-gowda-institute-of-technology-gmit-mandya,"Mandya, Karnataka",AICTE Approved,,860000.0,,,3.9,"Based on 15 User
Reviews",158.0,E210,100.0
#183,"Moodlakatte Institute of Technology, Kundapura",https://collegedunia.com/college/56081-moodlakatte-institute-of-technology-kundapura,"Kundapura, Karnataka",AICTE Approved,,700000.0,,,3.9,"Based on 6 User
Reviews",,E136,100.0
#184,"Cauvery Institute of Technology - [CIT], Mandya",https://collegedunia.com/college/56336-cauvery-institute-of-technology-cit-mandya,"Mandya, Karnataka",AICTE Approved,,880000.0,,,3.9,"Based on 11 User
Reviews",,E227,100.0
#185,"Anjuman Institute of Technology and Management - [AITM], Bhatkal",https://collegedunia.com/college/12830-anjuman-institute-of-technology-and-management-aitm-bhatkal,"Bhatkal, Karnataka",AICTE Approved,,449640.0,,,3.6,"Based on 17 User
Reviews",,E035,100.0
#186,"Lingarajappa Engineering College, Bidar",https://collegedunia.com/college/28679-lingarajappa-engineering-college-bidar,"Bidar, Karnataka",AICTE Approved,,640000.0,900000.0,,3.4,"Based on 10 User
Reviews",,E213,100.0
#188,"Karavali Institute of Technology - [KIT], Mangalore",https://collegedunia.com/college/13980-karavali-institute-of-technology-kit-mangalore,"Mangalore, Karnataka",AICTE Approved,,720000.0,300000.0,,3.7,"Based on 29 User
Reviews",,E159,100.0
#189,"Srinivas University, Mangalore",https://collegedunia.com/university/55863-srinivas-university-mangalore,"Mangalore, Karnataka","NCTE, AICTE, UGC, ACCA Approved",,629000.0,1000000.0,1700000.0,3.8,"Based on 246 User
Reviews",,E193,100.0
#190,"C Byregowda Institute of Technology, Kolar",https://collegedunia.com/college/28482-c-byregowda-institute-of-technology-kolar,"Kolar, Karnataka",AICTE Approved,B++,744444.0,,,3.8,"Based on 4 User
Reviews",,E184,100.0
#191,"Garden City University - [GCU], Bangalore",https://collegedunia.com/university/1348-garden-city-university-gcu-bangalore,"Bangalore, Karnataka","AICTE, UGC Approved",A,1355000.0,,,3.9,"Based on 102 User
Reviews",,E288,100.0
#192,"Veerappa Nisty Engineering College, Hassan",https://collegedunia.com/college/28883-veerappa-nisty-engineering-college-hassan,"Hassan, Karnataka",AICTE Approved,,300000.0,,,2.9,"Based on 2 User
Reviews",,E197,100.0
#193,"Sha-Shib College of Engineering - [SSCE], Chikkaballapur",https://collegedunia.com/college/14999-shashib-college-of-engineering-ssce-chikkaballapur,"Chikkaballapur, Karnataka",AICTE Approved,,449640.0,,,3.4,"Based on 36 User
Reviews",,E183,100.0
#194,"Sampoorna Institute of Technology and Research - [SITAR], Bangalore",https://collegedunia.com/college/45778-sampoorna-institute-of-technology-and-research-sitar-bangalore,"Bangalore, Karnataka",AICTE Approved,,449640.0,,,3.5,"Based on 6 User
Reviews",,E008,100.0
#200,"Islamiah Institute of Technology - [IIT], Bangalore",https://collegedunia.com/college/28436-islamiah-institute-of-technology-iit-bangalore,"Bangalore, Karnataka",AICTE Approved,,449640.0,,,3.3,"Based on 7 User
Reviews",,E008,100.0
#201,"Reva Institute of Technology and Management - [RITM], Bangalore",https://collegedunia.com/college/14774-reva-institute-of-technology-and-management-ritm-bangalore,"Bangalore, Karnataka",AICTE Approved,,449640.0,,,4.1,"Based on 29 User
Reviews",,E008,100.0
#202,"Dayananda Sagar Academy of Technology and Management, Bangalore",https://collegedunia.com/college/15730-dayananda-sagar-academy-of-technology-and-management-bangalore,"Bangalore, Karnataka","AICTE, NBA Approved",A+,449640.0,,,3.6,"Based on 2 User
Reviews",,E212,100.0
#203,"Alpha College of Engineering, Bangalore",https://collegedunia.com/college/12786-alpha-college-of-engineering-bangalore,"Bangalore, Karnataka",AICTE Approved,,449640.0,,,3.3,"Based on 15 User
Reviews",,E117,100.0
#206,"Yellamma Dasappa Institute of Technology, Bangalore",https://collegedunia.com/college/15507-yellamma-dasappa-institute-of-technology-bangalore,"Bangalore, Karnataka",AICTE Approved,,449640.0,,,2.5,"Based on 3 User
Reviews",,E008,100.0
#208,"Nadgir Institute of Engineering & Technology - [NDIET], Bangalore",https://collegedunia.com/college/59169-nadgir-institute-of-engineering-and-technology-ndiet-bangalore,"Bangalore, Karnataka",AICTE Approved,,449640.0,,,4.1,"Based on 1 User
Reviews",,E008,100.0
#210,"Shaikh College of Engineering and Technology - [SCET], Belgaum",https://collegedunia.com/college/15009-shaikh-college-of-engineering-and-technology-scet-belgaum,"Belgaum, Karnataka",AICTE Approved,,449640.0,,,3.6,"Based on 2 User
Reviews",,E182,100.0
#211,"Mangalore Marine College and Technology - [MMCT], Mangalore",https://collegedunia.com/college/14264-mangalore-marine-college-and-technology-mmct-mangalore,"Mangalore, Karnataka",AICTE Approved,,449640.0,,,3.6,"Based on 2 User
Reviews",,E219,100.0
#215,"PNS Institute of Technology - [PNSIT], Bangalore",https://collegedunia.com/college/56141-pns-institute-of-technology-pnsit-bangalore,"Bangalore, Karnataka",AICTE Approved,,449640.0,,,3.1,"Based on 5 User
Reviews",,E008,100.0
#217,"BTL Institute of Technology and Management - [BTLITM], Bangalore",https://collegedunia.com/college/12952-btl-institute-of-technology-and-management-btlitm-bangalore,"Bangalore, Karnataka",AICTE Approved,,449640.0,,,2.9,"Based on 14 User
Reviews",,E008,100.0
#218,"Ekalavya Institute of Technology - [EIT], Chamarajnagar",https://collegedunia.com/college/28612-ekalavya-institute-of-technology-eit-chamarajnagar,"Chamarajnagar, Karnataka",AICTE Approved,,449640.0,,,3.7,"Based on 3 User
Reviews",,E195,100.0
#219,"Sri Vidya Vinayaka Institute of Technology - [SVVIT], Bangalore",https://collegedunia.com/college/45789-sri-vidya-vinayaka-institute-of-technology-svvit-bangalore,"Bangalore, Karnataka",AICTE Approved,,449640.0,,,3.8,"Based on 1 User
Reviews",,E008,100.0
#220,"Nandi Institute of Technology and Management Sciences - [NITMS], Bangalore",https://collegedunia.com/college/14421-nandi-institute-of-technology-and-management-sciences-nitms-bangalore,"Bangalore, Karnataka",AICTE Approved,,449640.0,,,3.0,"Based on 4 User
Reviews",,E008,100.0
#224,"Rai Technology University - [RTU], Bangalore",https://collegedunia.com/university/54849-rai-technology-university-rtu-bangalore,"Bangalore, Karnataka","UGC, AIU Approved",,615000.0,,,4.0,"Based on 22 User
Reviews",,E256,100.0
#228,"CMR University (Lakeside Campus), Bangalore",https://collegedunia.com/university/65521-cmr-university-lakeside-campus-bangalore,"Bangalore, Karnataka","AICTE, COA, UGC, AIU Approved",,700000.0,550000.0,1800000.0,2.0,"Based on 1 User
Reviews",,E257,100.0
#230,"CMR University (City Campus - HRBR Layout), Bangalore",https://collegedunia.com/university/56100-cmr-university-city-campus-hrbr-layout-bangalore,"Bangalore, Karnataka","AICTE, COA, BCI, UGC, AIU Approved",A,1450000.0,400000.0,1800000.0,3.8,"Based on 653 User
Reviews",246.0,E257,100.0
#231,"GITAM, Bangalore",https://collegedunia.com/university/25600-gitam-bangalore,"Bangalore, Karnataka","AICTE, UGC, MHRD Approved",A++,1422200.0,13500000.0,,3.9,"Based on 136 User
Reviews",,E255,100.0
#233,"Presidency University, Bangalore",https://collegedunia.com/university/56371-presidency-university-bangalore,"Bangalore, Karnataka","AICTE, BCI, UGC Approved",A,1420000.0,598000.0,1642000.0,3.8,"Based on 345 User
Reviews",130.0,E237,100.0
